id,origin,source_type,url,accessed_on,posted_on,job,segment,pain,device_or_channel,tool_mentioned,workaround,stake_inr,mobile_signal,quote,notes
E-001,public_search,app_review,https://play.google.com/store/apps/details?id=com.vaibhavkalpe.android.khatabook,2026-10-06,2026-06-29,collect,shop,2,whatsapp|phone,Khatabook,other,,1,"""it would be better if the reminder goes on WhatsApp instead of SMS. Because nowadays people sometimes ignore SMS,""","Google Play review, 4 stars, 2026-06-29, review id starts 27d34d9d; SMS reminders ignored; asks for WhatsApp"
E-002,public_search,app_review,https://play.google.com/store/apps/details?id=com.vaibhavkalpe.android.khatabook,2026-10-06,2026-08-05,collect,unknown,2,phone,Khatabook,other,,1,"""Automatic SMS reminders always fail and appear as ""Not sent"" in Google Messages, while manual SMS works""","Google Play review, 3 stars, 2026-08-05, review id starts c151c9e1; auto SMS reminders fail; manual SMS works; manual"
E-003,public_search,app_review,https://play.google.com/store/apps/details?id=com.vaibhavkalpe.android.khatabook,2026-10-06,2026-05-09,collect,unknown,2,whatsapp|phone,Khatabook,other,,1,"""the lines given at the bottom of the WhatsApp reminder should be changed..""","Google Play review, 4 stars, 2026-05-09, review id starts aef7feef; wants reminder wording changed; relationship"
E-004,public_search,app_review,https://play.google.com/store/apps/details?id=com.vaibhavkalpe.android.khatabook,2026-10-06,2020-08-28,collect,unknown,2,unknown,Khatabook,other,,1,"""I am able to set only one collection date for the whole amount totalled. Not able to keep different due""","Google Play review, 2 stars, 2020-08-28, review id starts 473b8cc5; one due date per customer, not per bill"
E-005,public_search,app_review,https://play.google.com/store/apps/details?id=com.vaibhavkalpe.android.khatabook,2026-10-06,2019-11-20,collect,unknown,1,unknown,Khatabook,other,,1,"""Is it possible that we can send a manual reminder to all those customers on the day their payment is""","Google Play review, 3 stars, 2019-11-20, review id starts 2ceab7a8; wants manual bulk reminder on due day; manual"
E-006,public_search,app_review,https://play.google.com/store/apps/details?id=com.vaibhavkalpe.android.khatabook,2026-10-06,2022-11-19,collect,unknown,2,phone,Khatabook,other,,1,"""When setting collection date, a ""Auto Reminder"" SMS should be sent to customer from Khatabook sms server on the collection""","Google Play review, 4 stars, 2022-11-19, review id starts 44aa227b; wants auto SMS on collection day; willing to pay"
E-007,public_search,app_review,https://play.google.com/store/apps/details?id=com.vaibhavkalpe.android.khatabook,2026-10-06,2020-08-26,collect,unknown,2,unknown,Khatabook,other,,1,"""we don't always want to remind our customers about payment through this app it will break relation and""","Google Play review, 4 stars, 2020-08-26, review id starts cd929ef6; fears app reminders break the relationship; relationship"
E-008,public_search,app_review,https://play.google.com/store/apps/details?id=com.vaibhavkalpe.android.khatabook,2026-10-06,2021-06-25,collect,unknown,1,unknown,Khatabook,other,,1,"""when the date that customer promised to pay back the certain or each bill amount along with the payment reminder""","Google Play review, 4 stars, 2021-06-25, review id starts 9fc2598d; wants promised date tracked with reminder; promise"
E-009,public_search,app_review,https://play.google.com/store/apps/details?id=com.vaibhavkalpe.android.khatabook,2026-10-06,2020-07-16,collect,unknown,1,unknown,Khatabook,other,,1,"""Msg. Sent should be customised, I should be able to create format of msg, and fields should be populated as""","Google Play review, 3 stars, 2020-07-16, review id starts 3eeffc79; wants own message format; one-go reminders"
E-010,public_search,app_review,https://play.google.com/store/apps/details?id=com.vaibhavkalpe.android.khatabook,2026-10-06,2024-12-26,collect,unknown,1,whatsapp,Khatabook,other,,1,"""please start bulk watsapp reminder features, as there is already feature to send payment request to individual through watsapp just""","Google Play review, 4 stars, 2024-12-26, review id starts ffb24c88; sends WhatsApp requests one customer at a time; manual"
E-011,public_search,app_review,https://play.google.com/store/apps/details?id=com.vaibhavkalpe.android.khatabook,2026-10-06,2019-08-25,collect,unknown,1,unknown,Khatabook,other,,1,"""please do something for templated messages to remind customers.""","Google Play review, 5 stars, 2019-08-25, review id starts b691351f; wants reminder templates"
E-012,public_search,app_review,https://play.google.com/store/apps/details?id=com.vaibhavkalpe.android.khatabook,2026-10-06,2019-11-13,collect,unknown,1,unknown,Khatabook,other,,1,"""set reminder for the days count.( For example if we set the days to the customer (30days ,60days ) it""","Google Play review, 5 stars, 2019-11-13, review id starts be38a732; wants reminders at 30 or 60 days after delivery"
E-013,public_search,app_review,https://play.google.com/store/apps/details?id=com.vaibhavkalpe.android.khatabook,2026-10-06,2022-12-27,collect,unknown,1,phone,Khatabook,other,,1,"""it is good to have the facility of Free SMS to remind customers of""","Google Play review, 3 stars, 2022-12-27, review id starts 1e36d32d; wants free SMS to remind customers of dues"
E-014,public_search,app_review,https://play.google.com/store/apps/details?id=com.vaibhavkalpe.android.khatabook,2026-10-06,2026-07-18,collect,unknown,1,unknown,Khatabook,other,,1,"""Great app for tracking udhaar and payments. Easy to use, reliable, and customers respond well to reminders.""","Google Play review, 4 stars, 2026-07-18, review id starts 9f57ed0a; praise; customers respond to reminders"
E-015,public_search,app_review,https://play.google.com/store/apps/details?id=com.vaibhavkalpe.android.khatabook,2026-10-06,2026-04-05,collect,shop,1,whatsapp|phone,Khatabook,other,,1,"""payment reminders via WhatsApp/SMS, which helps in collecting dues on time.""","Google Play review, 5 stars, 2026-04-05, review id starts f392d5a3; praise; reminders help collect dues on time"
E-016,public_search,app_review,https://play.google.com/store/apps/details?id=com.vaibhavkalpe.android.khatabook,2026-10-06,2026-02-01,collect,tutor,1,unknown,Khatabook,other,,1,"""Kindly add features like fee collection and dues reminders (online/offline). We""","Google Play review, 5 stars, 2026-02-01, review id starts 711ec438; asks for fee collection and dues reminders for schools and coaching"
E-017,public_search,app_review,https://play.google.com/store/apps/details?id=com.vaibhavkalpe.android.khatabook,2026-10-06,2021-07-06,collect,unknown,1,unknown,Khatabook,other,,1,"""I set a payment reminder for a customer. Selected a date, but there was no option to select time slot.""","Google Play review, 5 stars, 2021-07-06, review id starts 54e6c5cb; no time slot for a reminder"
E-018,public_search,app_review,https://play.google.com/store/apps/details?id=in.okcredit.merchant,2026-10-06,2020-12-21,collect,unknown,2,phone,OkCredit,other,,1,"""automatically sends message to your customers/cleint. Even though we don't want to send them any message or to remind of""","Google Play review, 1 stars, 2020-12-21, review id starts 7ce6fa88; does not want automatic messages to clients; relationship"
E-019,public_search,app_review,https://play.google.com/store/apps/details?id=in.okcredit.merchant,2026-10-06,2021-11-20,collect,unknown,2,phone,OkCredit,other,,1,"""it will send a sms to every person you've set up there, potentially ruining all your relationships.""","Google Play review, 1 stars, 2021-11-20, review id starts 81918130; automatic SMS could ruin relationships; relationship"
E-020,public_search,app_review,https://play.google.com/store/apps/details?id=in.okcredit.merchant,2026-10-06,2019-06-24,collect,unknown,1,unknown,OkCredit,other,,1,"""a single businessmen gives different credit period to different customers. also allow to show due date of a payment to""","Google Play review, 4 stars, 2019-06-24, review id starts 3aa47da7; different credit periods per customer; show due date"
E-021,public_search,app_review,https://play.google.com/store/apps/details?id=in.okcredit.merchant,2026-10-06,2019-11-28,collect,unknown,2,unknown,OkCredit,other,,1,"""i need to send same amount request to multiple customers on a particular date and it is difficult to send""","Google Play review, 1 stars, 2019-11-28, review id starts 860400b4; sending requests one by one is difficult; manual"
E-022,public_search,app_review,https://play.google.com/store/apps/details?id=in.okcredit.merchant,2026-10-06,2020-06-08,collect,unknown,1,unknown,OkCredit,other,,1,"""if i want to send reminder someone in hindi language then i cant do it""","Google Play review, 4 stars, 2020-06-08, review id starts b27169d9; wants Hindi reminders; language"
E-023,public_search,app_review,https://play.google.com/store/apps/details?id=in.okcredit.merchant,2026-10-06,2025-11-13,collect,unknown,2,whatsapp,OkCredit,other,,1,"""Auto reminder option not working from approximately 15 days I messaged customer care on WhatsApp but customer care not reply""","Google Play review, 1 stars, 2025-11-13, review id starts 5f8e4092; paid plan; auto reminder broken; support slow"
E-024,public_search,app_review,https://play.google.com/store/apps/details?id=in.okcredit.merchant,2026-10-06,2026-09-20,collect,unknown,1,unknown,OkCredit,other,,1,"""transaction reminders are now limited, and""","Google Play review, 1 stars, 2026-09-20, review id starts 111d6e8e; reminders limited by subscription"
E-025,public_search,app_review,https://play.google.com/store/apps/details?id=in.okcredit.merchant,2026-10-06,2026-09-05,collect,unknown,2,phone|whatsapp,OkCredit,notebook,,2,"""Pehle main sab kuch register me likhta tha, jisme bahut time lagta tha aur kabhi-kabhi entries bhi miss ho jaati""","Google Play review, 4 stars, 2026-09-05, review id starts a01b43cf; Hinglish; register before the app took time and missed entries; now tracked on mobile"
E-026,public_search,app_review,https://play.google.com/store/apps/details?id=in.okcredit.merchant,2026-10-06,2020-03-29,collect,unknown,1,unknown,OkCredit,other,,1,"""the person who gets the reminder can able pay directly the due amount by any of the third party apps""","Google Play review, 5 stars, 2020-03-29, review id starts 8525810e; wants payment option inside the reminder"
E-027,public_search,app_review,https://play.google.com/store/apps/details?id=in.okcredit.merchant,2026-10-06,2020-02-19,collect,unknown,1,phone|whatsapp,OkCredit,other,,1,"""after the latest update sms remind option is removed frm the app and only reminder via WhatsApp is available. It""","Google Play review, 5 stars, 2020-02-19, review id starts a11b60cd; objects to WhatsApp-only reminders; counter-evidence on channel"
E-028,public_search,app_review,https://play.google.com/store/apps/details?id=in.okcredit.merchant,2026-10-06,2019-05-15,collect,unknown,1,unknown,OkCredit,other,,1,"""add Various Customer Message format like simply send Billed Amount , Gentle reminders , Thank you message for""","Google Play review, 5 stars, 2019-05-15, review id starts 0dedb260; wants gentle reminder wording; relationship"
E-029,public_search,app_review,https://play.google.com/store/apps/details?id=in.okcredit.merchant,2026-10-06,2019-02-05,collect,unknown,1,phone,OkCredit,other,,1,"""when we send a reminder to customer then a text msg send by app with the name 'HP-NOTICE'. If we""","Google Play review, 5 stars, 2019-02-05, review id starts 3204c55d; sender name HP-NOTICE reads badly; relationship"
E-030,public_search,app_review,https://play.google.com/store/apps/details?id=in.okcredit.merchant,2026-10-06,2024-06-27,collect,unknown,1,whatsapp,OkCredit,other,,1,"""If I need to send a reminder in WhatsApp it should give an option for setting desired app as default.""","Google Play review, 4 stars, 2024-06-27, review id starts 157c5fdb; wants WhatsApp choice and a pending-due filter"
E-031,public_search,app_review,https://play.google.com/store/apps/details?id=in.android.vyapar,2026-10-06,2020-06-27,collect,service,1,unknown,Vyapar,other,,1,"""I I freelance doing hair and nails and it's perfect for keeping up with who gets what service and who""","Google Play review, 5 stars, 2020-06-27, review id starts 03f92e5a; praise; tracks who owes money"
E-032,public_search,app_review,https://play.google.com/store/apps/details?id=in.android.vyapar,2026-10-06,2019-08-14,collect,unknown,1,unknown,Vyapar,other,,1,"""If auto payment reminder masage to party will available then it will more""","Google Play review, 5 stars, 2019-08-14, review id starts 3d01118f; wants automatic payment reminder messages"
E-033,public_search,app_review,https://play.google.com/store/apps/details?id=in.android.vyapar,2026-10-06,2023-03-04,collect,unknown,1,whatsapp,Vyapar,other,,1,"""Plz add whatsapp integration for sharing invoice and notification of reminders of payment""","Google Play review, 3 stars, 2023-03-04, review id starts d97e9ad4; wants WhatsApp payment reminders"
E-034,public_search,app_review,https://play.google.com/store/apps/details?id=in.android.vyapar,2026-10-06,2021-08-13,collect,unknown,1,call,Vyapar,other,,1,"""That is option to set reminder to call customer based on frequency between two bills... If first""","Google Play review, 5 stars, 2021-08-13, review id starts a50c4666; wants reminder to call customers; manual"
E-035,public_search,app_review,https://play.google.com/store/apps/details?id=com.razorpay.payments.app,2026-10-06,2024-10-22,collect,unknown,2,phone,Razorpay,other,,1,"""Our payment link SMSs are blocked by the DLT SP...we raised a ticket, almost 10 days but it is still""","Google Play review, 1 stars, 2024-10-22, review id starts da3162f4; payment link SMS blocked; ticket open 10 days"
E-036,public_search,app_review,https://play.google.com/store/apps/details?id=com.bharatpe.app,2026-10-06,2020-07-10,collect,unknown,2,unknown,BharatPe,other,,1,"""This app doesn't allow payment collect link above Rs 2000. For merchant like me, this is a big limitation.""","Google Play review, 1 stars, 2020-07-10, review id starts df80b76b; collect-link amount limit"
E-037,public_search,app_review,https://play.google.com/store/apps/details?id=com.paytm.business,2026-10-06,2026-04-17,collect,unknown,1,phone,Paytm for Business,other,,1,"""how to create a payment link in the Paytm for business app.But until today, that feature is not available in""","Google Play review, 1 stars, 2026-04-17, review id starts 3fee9d30; cannot create payment link in the phone app"
E-038,public_search,app_review,https://play.google.com/store/apps/details?id=com.bharatpe.app,2026-10-06,2024-05-21,dispute,unknown,3,unknown,BharatPe,unknown,,0,"""once you received machine and transact big amount they dispute the transaction and block the account.you need to upload lot""","Google Play review, 1 stars, 2024-05-21, review id starts ff585f20; account blocked after dispute"
E-039,public_search,app_review,https://play.google.com/store/apps/details?id=com.bharatpe.app,2026-10-06,2021-08-13,dispute,unknown,3,unknown,BharatPe,unknown,,0,"""They takes more than a month just to resolve a dispute transaction. Holding back your money and silently earning from""","Google Play review, 1 stars, 2021-08-13, review id starts bdd04ea0; documents submitted; month in progress"
E-040,public_search,app_review,https://play.google.com/store/apps/details?id=com.bharatpe.app,2026-10-06,2024-10-11,dispute,unknown,3,unknown,BharatPe,unknown,,0,"""2 transaction are approved and 3rd one got disputed . After filling 10 declartion form the customer they are rejecting""","Google Play review, 1 stars, 2024-10-11, review id starts 8870d26c; 21 declaration forms; amount held 1.5 months"
E-041,public_search,app_review,https://play.google.com/store/apps/details?id=com.bharatpe.app,2026-10-06,2024-05-31,dispute,unknown,2,phone,BharatPe,unknown,,1,"""the app raises a dispute unnecessary and holds the amount for 4 days for no genuine reason and asks us""","Google Play review, 1 stars, 2024-05-31, review id starts 465f1fe6; must upload bill in app"
E-042,public_search,app_review,https://play.google.com/store/apps/details?id=com.bharatpe.app,2026-10-06,2025-06-28,dispute,unknown,3,whatsapp,BharatPe,unknown,,1,"""first time in my life facing a dispute amount concern ... and it's not resolved for more than 30 days,""","Google Play review, 1 stars, 2025-06-28, review id starts a967b543; held more than 30 days"
E-043,public_search,app_review,https://play.google.com/store/apps/details?id=com.bharatpe.app,2026-10-06,2022-03-08,dispute,unknown,3,phone,BharatPe,unknown,7000,1,"""it is showing all money is in disputed transactions. If the proofs didnot submit the money will collect to my""","Google Play review, 1 stars, 2022-03-08, review id starts 308481f0; money stuck in disputed transactions"
E-044,public_search,app_review,https://play.google.com/store/apps/details?id=com.bharatpe.app,2026-10-06,2021-06-23,dispute,unknown,3,unknown,BharatPe,unknown,,0,"""they hold the swiping amount and will say that it's a dispute transanction and we have to produce customer invoice.""","Google Play review, 1 stars, 2021-06-23, review id starts 6a14486b; asked for customer invoice"
E-045,public_search,app_review,https://play.google.com/store/apps/details?id=com.bharatpe.app,2026-10-06,2022-07-19,dispute,unknown,3,unknown,BharatPe,unknown,79998,0,"""My total amount 79998 on hold by Bharat pay and showing dispute transactions and i uploaded invoice 2 times and""","Google Play review, 1 stars, 2022-07-19, review id starts 748e719e; invoice rejected twice; 20 days"
E-046,public_search,app_review,https://play.google.com/store/apps/details?id=com.bharatpe.app,2026-10-06,2025-01-26,dispute,unknown,3,unknown,BharatPe,unknown,,0,"""it taking the every amount to dispute transition and asking the invoice.after uploading the invoice also it showing some error""","Google Play review, 1 stars, 2025-01-26, review id starts 21e460e9; invoice upload error"
E-047,public_search,app_review,https://play.google.com/store/apps/details?id=com.cashfree.merchant,2026-10-06,2026-08-20,dispute,unknown,3,unknown,Cashfree,unknown,2360,0,"""I was charged ₹2,360 for the dispute, and it took around a month to resolve. Even after multiple follow-ups, the""","Google Play review, 1 stars, 2026-08-20, review id starts df2c9b09; dispute fee; month to resolve"
E-048,public_search,app_review,https://play.google.com/store/apps/details?id=com.paytm.business,2026-10-06,2026-06-26,dispute,shop,3,unknown,Paytm for Business,unknown,115,0,"""I raised a ticket 1759 for transaction dispute by opposing the dispute of amount 115rs customer purchased groceries form my""","Google Play review, 1 stars, 2026-06-26, review id starts d5c19168; grocery shop; proofs uploaded; amount deducted"
E-049,public_search,app_review,https://play.google.com/store/apps/details?id=com.paytm.business,2026-10-06,2024-11-15,dispute,unknown,3,call,Paytm for Business,unknown,2000,0,"""An amount of Rs.2000 got deducted because a by mistake it gone into dispute through a customer. There are six""","Google Play review, 1 stars, 2024-11-15, review id starts 6a54a3ff; six tickets"
E-050,public_search,app_review,https://play.google.com/store/apps/details?id=com.paytm.business,2026-10-06,2023-12-27,dispute,unknown,3,call,Paytm for Business,unknown,2000,0,"""they taking money in business A/c chargeback name like and I contact customer care but they don't solved and I""","Google Play review, 1 stars, 2023-12-27, review id starts 1da16d3e; customer care called 10 times"
E-051,public_search,app_review,https://play.google.com/store/apps/details?id=com.paytm.business,2026-10-06,2026-09-19,dispute,unknown,3,unknown,Paytm for Business,unknown,,0,"""Whenever a customer raises a complaint or dispute, Paytm Merchant places the disputed amount on hold. Even after the merchant""","Google Play review, 1 stars, 2026-09-19, review id starts cf526cc3; amount blocked two or three months"
E-052,public_search,app_review,https://play.google.com/store/apps/details?id=com.paytm.business,2026-10-06,2026-08-06,dispute,unknown,2,unknown,Paytm for Business,unknown,,0,"""charge back issue not solved""","Google Play review, 1 stars, 2026-08-06, review id starts fc49538e; short review"
E-053,public_search,app_review,https://play.google.com/store/apps/details?id=com.phonepe.app.business,2026-10-06,2022-02-27,dispute,unknown,3,call,PhonePe Business,unknown,28000,0,"""One person disputed against my account he did payment and disputed and i sent all the proofs against him and""","Google Play review, 1 stars, 2022-02-27, review id starts 75372052; settlement stuck after dispute"
E-054,public_search,app_review,https://play.google.com/store/apps/details?id=com.razorpay.payments.app,2026-10-06,2025-06-23,dispute,unknown,3,unknown,Razorpay,unknown,,0,"""One dispute or chargeback can freeze all funds""","Google Play review, 1 stars, 2025-06-23, review id starts 50acf5d9; warning to other entrepreneurs"
E-055,public_search,app_review,https://play.google.com/store/apps/details?id=com.razorpay.payments.app,2026-10-06,2024-10-22,dispute,unknown,3,call,Razorpay,unknown,,0,"""Koi bhi Chargeback lagake Pese vapis le leta hai or merchant beech me latak jata hai fir ye log merchant""","Google Play review, 1 stars, 2024-10-22, review id starts b591a142; Hinglish; chargeback clawback; recovery calls"
E-056,public_search,app_review,https://play.google.com/store/apps/details?id=com.razorpay.payments.app,2026-10-06,2026-04-01,payout,unknown,3,unknown,Razorpay,unknown,,0,"""Payments get stuck, and support disappears. No replies on email, tickets, or calls. It feels like once your money is""","Google Play review, 1 stars, 2026-04-01, review id starts e62813e2; held payments"
E-057,public_search,app_review,https://play.google.com/store/apps/details?id=com.razorpay.payments.app,2026-10-06,2026-05-05,payout,unknown,2,unknown,Razorpay,unknown,,0,"""Settlement delays and weak customer support are impacting merchant businesses badly. Better alternatives:""","Google Play review, 1 stars, 2026-05-05, review id starts eeb243e8; slow support"
E-058,public_search,app_review,https://play.google.com/store/apps/details?id=com.razorpay.payments.app,2026-10-06,2025-06-19,payout,unknown,3,unknown,Razorpay,unknown,,0,"""my settlement is hold for 120 days .""","Google Play review, 1 stars, 2025-06-19, review id starts 8f4c1054; held 120 days"
E-059,public_search,app_review,https://play.google.com/store/apps/details?id=com.razorpay.payments.app,2026-10-06,2025-04-25,payout,unknown,3,unknown,Razorpay,unknown,,0,"""they hold the payment for no any reason and you just chase them. No""","Google Play review, 1 stars, 2025-04-25, review id starts 10132d49; held payment; ticket only"
E-060,public_search,app_review,https://play.google.com/store/apps/details?id=com.razorpay.payments.app,2026-10-06,2025-04-10,payout,unknown,3,unknown,Razorpay,unknown,20000,0,"""they blocked my settlement without any reason and took away Rs 20,000 from me. I have uploaded all the documents""","Google Play review, 1 stars, 2025-04-10, review id starts b02a6361; settlement blocked"
E-061,public_search,app_review,https://play.google.com/store/apps/details?id=com.razorpay.payments.app,2026-10-06,2025-12-23,payout,unknown,3,unknown,Razorpay,unknown,,0,"""they will hold your money without any proper reason! and when they ask for proof, after submitting all the proof""","Google Play review, 1 stars, 2025-12-23, review id starts 121b651e; small business owner or reseller"
E-062,public_search,app_review,https://play.google.com/store/apps/details?id=com.razorpay.payments.app,2026-10-06,2025-09-22,payout,unknown,3,unknown,Razorpay,unknown,,0,"""almost 3 month gone my money is still in hold""","Google Play review, 1 stars, 2025-09-22, review id starts 62e94723; held 3 months"
E-063,public_search,app_review,https://play.google.com/store/apps/details?id=com.razorpay.payments.app,2026-10-06,2025-07-20,payout,unknown,3,unknown,Razorpay,unknown,,0,"""HELD MY MONEY FOR NO REASON. MENTIONED THAT I BROKE SOME VIOLATION BUT EVEN I DON'T KNOW WHAT WAS THAT""","Google Play review, 1 stars, 2025-07-20, review id starts 43f71d4c; account suspended"
E-064,public_search,app_review,https://play.google.com/store/apps/details?id=com.razorpay.payments.app,2026-10-06,2024-07-08,payout,unknown,3,call,Razorpay,unknown,212000,0,"""Blocked/Not Settled since 31May. I'm Frusted by Razorpay, there is no Proper Ticket Option, No WhatsApp Chat Option, No Proper""","Google Play review, 1 stars, 2024-07-08, review id starts d21e4e88; merchant id redacted; no WhatsApp chat"
E-065,public_search,app_review,https://play.google.com/store/apps/details?id=com.phonepe.app.business,2026-10-06,2026-08-16,payout,unknown,3,unknown,PhonePe Business,unknown,,0,"""they holding my settlement. no agent connect to the merchant. so any one don't use""","Google Play review, 1 stars, 2026-08-16, review id starts e3d5d5ff; bot replies only"
E-066,public_search,app_review,https://play.google.com/store/apps/details?id=com.phonepe.app.business,2026-10-06,2026-08-02,payout,unknown,3,unknown,PhonePe Business,unknown,,0,"""Once the funds are placed on hold, no one responds promptly. No senior officer takes responsibility for resolving the issue.""","Google Play review, 1 stars, 2026-08-02, review id starts 693d8a8c; held 1 to 2 months"
E-067,public_search,app_review,https://play.google.com/store/apps/details?id=com.phonepe.app.business,2026-10-06,2026-03-03,payout,unknown,3,call,PhonePe Business,unknown,,0,"""they hold your payments every few days and then make excuses like it's a bank issue, and they don't have""","Google Play review, 1 stars, 2026-03-03, review id starts 509195b0; no callable support"
E-068,public_search,app_review,https://play.google.com/store/apps/details?id=com.phonepe.app.business,2026-10-06,2025-07-03,payout,unknown,3,unknown,PhonePe Business,unknown,6340,1,"""you have still held back my settlement of Rs 6340 which is not being deposited in my bank account. I""","Google Play review, 1 stars, 2025-07-03, review id starts 3c70930f; used the app 1.5 years"
E-069,public_search,app_review,https://play.google.com/store/apps/details?id=com.phonepe.app.business,2026-10-06,2026-06-10,payout,unknown,2,unknown,PhonePe Business,unknown,,0,"""Settlement delays and unexpected charges create problems for merchants. The""","Google Play review, 5 stars, 2026-06-10, review id starts edfe1779; 5-star rating but negative text"
E-070,public_search,app_review,https://play.google.com/store/apps/details?id=com.paytm.business,2026-10-06,2026-09-13,payout,unknown,3,unknown,Paytm for Business,unknown,,0,"""they will hold your fund any time without any notification and when you submit all the documents they even argue""","Google Play review, 1 stars, 2026-09-13, review id starts dd25f23f; POS and soundbox"
E-071,public_search,app_review,https://play.google.com/store/apps/details?id=com.paytm.business,2026-10-06,2026-06-30,payout,unknown,3,unknown,Paytm for Business,unknown,,0,"""they stuck amount that you want to settle...and giving time how's is it possible they didn't have there customer support""","Google Play review, 1 stars, 2026-06-30, review id starts 3177adc3; no night support"
E-072,public_search,app_review,https://apps.apple.com/in/app/razorpay-accept-payments-now/id1497250144,2026-10-06,2025-01-21,payout,unknown,3,unknown,Razorpay,unknown,,0,"""When I received second payment they blocked the amount saying there is Risk associated to this account and said you""","App Store review titled ""Holding settlement without any reason""; rating not shown in page text; App Store review; says 120 days for process"
E-073,public_search,app_review,https://apps.apple.com/in/app/razorpay-accept-payments-now/id1497250144,2026-10-06,2021-07-14,payout,unknown,3,unknown,Razorpay,unknown,,0,"""after accepting payments they will suddenly one day hold all your payments saying that the some of your transactions have""","App Store review titled ""Nothing but a blackmailing app""; rating not shown in page text; App Store review; asked for invoices and client confirmation"
E-074,public_search,official_docs,https://razorpay.com/docs/payments/payment-links/reminders/,2026-10-06,unknown,collect,unknown,1,unknown,Razorpay,none,,0,"""You can set a maximum of 3 reminders.""","context row; Reminders are SMS and email only, sent 11AM-12PM and 3PM-5PM; account or per-link toggle on the Dashboard"
E-075,public_search,official_docs,https://razorpay.com/docs/payments/payment-links/resend/,2026-10-06,unknown,collect,unknown,1,desktop,Razorpay,none,,0,"""You can resend Payment Links in the Issued state to your customer.""",context row; Manual resend from the Dashboard by email or SMS; mobile app not mentioned
E-076,public_search,official_docs,https://razorpay.com/docs/payments/payment-links/whatsapp-bot/,2026-10-06,unknown,collect,unknown,1,whatsapp,Razorpay,none,,1,"""accept payments from your customers by creating and sharing Payment Links to them directly from WhatsApp.""",context row; WhatsApp bot creates links; reminders are not mentioned
E-077,public_search,official_docs,https://razorpay.com/docs/payments/payment-links/states/,2026-10-06,unknown,collect,unknown,1,unknown,Razorpay,none,,0,"""Send a reminder to the customer to pay the next instalment.""",context row; Next step listed for Partially Paid links
E-078,public_search,official_docs,https://razorpay.com/payments-app/,2026-10-06,unknown,collect,unknown,1,phone,Razorpay,none,,1,"""Create and share payment links instantly""",context row; Product page for the mobile app; no reminder feature listed
E-079,public_search,official_docs,https://play.google.com/store/apps/details?id=com.razorpay.payments.app,2026-10-06,unknown,collect,unknown,1,phone|whatsapp,Razorpay,none,,1,"""Share payment links and recieve payments via an email, SMS, WhatsApp, Messenger etc.""","context row; Store listing description, updated 30 Sept 2026"
E-080,public_search,official_docs,https://apps.apple.com/in/app/razorpay-accept-payments-now/id1497250144,2026-10-06,unknown,collect,unknown,1,phone,Razorpay,none,,1,"""payments, settlements, QR codes, and payment links all a tap away.""","context row; Release notes for the redesigned app, versions 3.0.3 to 3.0.7"
E-081,public_search,official_docs,https://samadhaan.msme.gov.in/,2026-10-06,unknown,collect,unknown,1,unknown,,none,,0,"""within 45 days of the acceptance of the goods/service rendered. (Section 16)""",context row; Government page on MSMED Act delayed-payment interest; applies to buyers of micro and small enterprises
E-082,public_search,article,https://www.riffit.in/blog/payment-reminder-whatsapp-scripts-india,2026-10-06,2026-08-17,collect,professional,1,whatsapp,,none,,1,"""In India WhatsApp is the normal channel for client follow-ups, and it is usually more effective than email""","context row; Company blog for freelancers, 17 Aug 2026; vendor content, not a merchant voice"
E-083,public_search,official_docs,https://razorpay.com/docs/payments/disputes/,2026-10-06,unknown,dispute,unknown,1,desktop,Razorpay,none,,0,"""You can perform the following actions using the Dashboard: View disputes Accept disputes Contest disputes and submit evidence""",context row; Mobile app not mentioned
E-084,public_search,official_docs,https://razorpay.com/docs/payments/settlements/,2026-10-06,unknown,payout,unknown,1,desktop,Razorpay,none,,0,"""The standard settlement cycle for domestic payments is T+2 working days""",context row; Dashboard actions listed; mobile app not mentioned
E-085,human_inbox,official_docs,https://razorpay.com/agent-studio/,2026-10-06,unknown,collect,unknown,1,unknown,Razorpay,none,,0,"""Loan Recovery Agent Reaches borrowers after missed repayments and helps recover the loan at the right moment.""","context row; pointer from the human's notes, re-read by the agent; 29 agent names on the page, grouped by industry (lending, insurance, investments, e-commerce); none chases a merchant's unpaid Payment Links or invoices; Dispute Responder and Chargeback Defence agents exist; result claims are Razorpay's own"
E-086,human_inbox,official_docs,https://razorpay.com/blog/automate-payment-reminders/,2026-10-06,unknown,collect,unknown,1,unknown,Razorpay,none,,0,"""The reminders will be sent at a time in the day based on our analysis of the payment patterns""","context row; pointer from the human's notes, re-read by the agent; Razorpay blog; schedule options ""the day after you send the link"" or ""1 day before expiry""; SMS/email; the merchant does not pick the hour"
E-087,human_inbox,article,"https://www.the-rise.in/news/single-news.php?title=delayed-payments-to-msme-decline,-but-hurdle-remains:-game-fisme-report&id=267",2026-10-06,2025-11-27,collect,unknown,1,unknown,,none,,0,"""Delayed payments owed to India's 6.4 million MSMEs have decreased by 30%, from Rs 10.7 lakh crore in 2022""","context row; pointer from the human's notes, re-read by the agent; Delayed Payments Report 3.0 (GAME, FISME, C2FO): Rs 7.34 lakh crore as of March 2024; B2B trade credit, not Payment Links; SME Street gives the MSME count as 6.4 crore, so the count is not used"
E-088,human_inbox,article,https://smestreet.in/infocus/delayed-payments-report-30-highlights-msme-finance-progress-10816194,2026-10-06,2025-11-27,collect,unknown,1,unknown,,none,,0,"""with average payment delays up to three times higher than those faced by larger firms.""","context row; pointer from the human's notes, re-read by the agent; Same report; micro units most affected; B2B trade credit"
E-089,human_inbox,article,https://taxguru.in/income-tax/section-43bh-disallowances-expenses-due-non-payment-msmes.html,2026-10-06,2024-03-28,collect,unknown,1,unknown,,none,,0,"""Agreed Date OR Within 45 days from the date of acceptance, WHICHEVER IS EARLIER""","context row; pointer from the human's notes, re-read by the agent; Section 43B(h): buyer loses the deduction if a registered micro or small supplier is paid late; 15 days without a written agreement; CA-written article, not an official page"
